first_name,last_name,email
Arluene,Amber,aamber0@wsj.com
Marrissa,Mogenot,mmogenot1@twitpic.com
Benedikt,Branche,bbranche2@icio.us
Halley,Lodge,hlodge3@kickstarter.com
Kendall,Maffulli,kmaffulli4@storify.com
Gwyn,Ulyatt,gulyatt5@wp.com
Pancho,Murtimer,pmurtimer6@wikispaces.com
Darryl,Aspinal,daspinal7@opera.com
Iggy,Carnegy,icarnegy8@weebly.com
Rodolfo,Kobpac,rkobpac9@tinypic.com
Bunny,Habbergham,bhabberghama@examiner.com
Jennee,Dallywater,jdallywaterb@naver.com
Herman,Glasscoo,hglasscooc@hostgator.com
Sophronia,Glanert,sglanertd@phpbb.com
Rosetta,Benneyworth,rbenneyworthe@diigo.com
Regen,Peirce,rpeircef@dailymotion.com
Alan,Trimmill,atrimmillg@archive.org
Lulu,Somerton,lsomertonh@yellowbook.com
Nara,Maddock,nmaddocki@usnews.com
Rhiamon,Oxbie,roxbiej@cornell.edu
Arri,Sinncock,asinncockk@opensource.org
Adelle,Blaxeland,ablaxelandl@nih.gov
Tades,Davidovitz,tdavidovitzm@liveinternet.ru
Derek,Matevushev,dmatevushevn@apache.org
Kristina,Sarl,ksarlo@purevolume.com
Der,Vaines,dvainesp@rambler.ru
Pat,Procter,pprocterq@skype.com
Elladine,Ortiger,eortigerr@cargocollective.com
Ric,Roach,rroachs@columbia.edu
Pincus,Churn,pchurnt@java.com
Olivero,Heinlein,oheinleinu@walmart.com
Neville,Krout,nkroutv@tuttocitta.it
Nananne,Chadband,nchadbandw@home.pl
Lilla,Droogan,ldrooganx@google.es
Thain,Housaman,thousamany@gnu.org
Filippa,Tonn,ftonnz@utexas.edu
Sam,Serrier,sserrier10@google.pl
Clem,Maton,cmaton11@so-net.ne.jp
Kippar,Brearty,kbrearty12@mtv.com
Babbette,Quinion,bquinion13@umich.edu
Estel,Pods,epods14@about.com
Crissie,Rearden,crearden15@statcounter.com
Veradis,Lyles,vlyles16@msu.edu
Duane,Maryan,dmaryan17@nydailynews.com
Skyler,Zarfati,szarfati18@4shared.com
Marisa,Pampling,mpampling19@usda.gov
Georgiana,Bradburne,gbradburne1a@mysql.com
Giles,Wickins,gwickins1b@wiley.com
Rori,Machon,rmachon1c@e-recht24.de
Laetitia,Kernar,lkernar1d@qq.com
Wayland,Pettyfer,wpettyfer1e@dropbox.com
Averill,Ribchester,aribchester1f@dagondesign.com
Anitra,Tweedlie,atweedlie1g@youku.com
Benedikta,Coppo,bcoppo1h@ucsd.edu
Serena,Quye,squye1i@taobao.com
Elke,Clousley,eclousley1j@digg.com
Remington,Peploe,rpeploe1k@nationalgeographic.com
Beaufort,Blazeby,bblazeby1l@deviantart.com
Sholom,Livesay,slivesay1m@google.com
Constantia,Delaney,cdelaney1n@craigslist.org
Mil,Meadows,mmeadows1o@theguardian.com
Raleigh,Pankettman,rpankettman1p@earthlink.net
Ahmad,Josephson,ajosephson1q@naver.com
Ofelia,Lattimore,olattimore1r@dropbox.com
Graehme,Bert,gbert1s@imgur.com
Jill,Teers,jteers1t@pagesperso-orange.fr
Brady,Thompstone,bthompstone1u@google.ru
Dillon,Dincey,ddincey1v@census.gov
Colan,Fabri,cfabri1w@cargocollective.com
Gerrard,Cabbell,gcabbell1x@vimeo.com
Regan,Camellini,rcamellini1y@list-manage.com
Meara,Pomfrett,mpomfrett1z@smh.com.au
Winonah,McKyrrelly,wmckyrrelly20@behance.net
Ekaterina,Fancy,efancy21@miibeian.gov.cn
Glenden,Lempenny,glempenny22@go.com
Clarice,Guite,cguite23@mapquest.com
Adolpho,Wiltshear,awiltshear24@independent.co.uk
Lulu,Handslip,lhandslip25@shutterfly.com
Pennie,Spearman,pspearman26@gmpg.org
Laurianne,Berrisford,lberrisford27@hud.gov
Selia,Enterlein,senterlein28@lycos.com
Meriel,Hyndley,mhyndley29@hc360.com
Othilie,Lindroos,olindroos2a@symantec.com
Dominic,Dello,ddello2b@arstechnica.com
Arvie,Maydwell,amaydwell2c@dropbox.com
Griselda,Mora,gmora2d@youtu.be
Zitella,Blockley,zblockley2e@pcworld.com
Adora,Antao,aantao2f@mapy.cz
Maurie,Harby,mharby2g@networkadvertising.org
Fidela,Hesey,fhesey2h@ca.gov
Maighdiln,Vernon,mvernon2i@answers.com
Pietrek,Pattillo,ppattillo2j@instagram.com
Glenine,Bickell,gbickell2k@arizona.edu
Sybilla,Barwood,sbarwood2l@ycombinator.com
Andra,Masarrat,amasarrat2m@dedecms.com
Allie,Searsby,asearsby2n@japanpost.jp
Max,Marwick,mmarwick2o@cbslocal.com
Luciana,Clappison,lclappison2p@illinois.edu
Trip,Tollow,ttollow2q@usgs.gov
Wendeline,Giamuzzo,wgiamuzzo2r@163.com
Frederik,Jelf,fjelf2s@wikipedia.org
Heall,Huntriss,hhuntriss2t@bbb.org
Bram,Date,bdate2u@un.org
Rosalia,Freezer,rfreezer2v@cargocollective.com
Leicester,Bilofsky,lbilofsky2w@typepad.com
Ardeen,Stubbington,astubbington2x@usda.gov
Allianora,Levesque,alevesque2y@ibm.com
Lorita,Hoffmann,lhoffmann2z@about.com
Bren,Hansford,bhansford30@ebay.com
Hannah,Arons,harons31@sphinn.com
Maryrose,Howarth,mhowarth32@live.com
Artemas,St. Quentin,astquentin33@bluehost.com
Beckie,Kures,bkures34@phoca.cz
Cary,Catterill,ccatterill35@twitpic.com
Isis,Towner,itowner36@eepurl.com
Vera,Domeney,vdomeney37@wisc.edu
Blinnie,Moukes,bmoukes38@phoca.cz
Maurice,Windmill,mwindmill39@japanpost.jp
Eimile,Luby,eluby3a@oracle.com
Corabel,Droogan,cdroogan3b@xrea.com
Robbi,Eastlake,reastlake3c@ucla.edu
Jasmin,Dubock,jdubock3d@fotki.com
Godfrey,Saywood,gsaywood3e@paginegialle.it
Carter,Boatwright,cboatwright3f@ucoz.com
Dian,Shakshaft,dshakshaft3g@linkedin.com
Kienan,Filmer,kfilmer3h@mashable.com
Byrle,Abramov,babramov3i@exblog.jp
Tabb,Heffy,theffy3j@barnesandnoble.com
Aline,Cathie,acathie3k@51.la
Jany,Nashe,jnashe3l@ca.gov
Adlai,Wilds,awilds3m@yellowpages.com
Gilbert,Alldread,galldread3n@jimdo.com
Paulina,Sheerin,psheerin3o@amazon.com
Branden,Meachen,bmeachen3p@mlb.com
Roman,Burle,rburle3q@de.vu
Herman,Tunna,htunna3r@wix.com
Yettie,Hanwright,yhanwright3s@telegraph.co.uk
Cobby,Leopold,cleopold3t@tamu.edu
Petunia,Alldread,palldread3u@indiatimes.com
Cami,Burdess,cburdess3v@imdb.com
Byrle,Stapleton,bstapleton3w@deliciousdays.com
Ilaire,Grafham,igrafham3x@bloglines.com
Olin,Zywicki,ozywicki3y@hostgator.com
Addy,Archbould,aarchbould3z@tinypic.com
Peg,Abdy,pabdy40@hud.gov
Vasilis,von Grollmann,vvongrollmann41@so-net.ne.jp
Philippe,Titmuss,ptitmuss42@list-manage.com
Cher,Penhaligon,cpenhaligon43@google.co.uk
Pat,MacDearmaid,pmacdearmaid44@blogs.com
Henriette,Breawood,hbreawood45@washingtonpost.com
Freddy,Drews,fdrews46@boston.com
Rosana,Kemet,rkemet47@sciencedaily.com
Liana,Westnedge,lwestnedge48@slashdot.org
Johnna,Croy,jcroy49@who.int
Cosimo,Such,csuch4a@dell.com
Tommi,Tunnick,ttunnick4b@friendfeed.com
Olenka,Astridge,oastridge4c@nasa.gov
Rick,Ogelsby,rogelsby4d@ted.com
Philipa,Flannigan,pflannigan4e@sogou.com
Tracy,Connor,tconnor4f@businessinsider.com
Kelwin,Ellerington,kellerington4g@pagesperso-orange.fr
Juliet,Scutchin,jscutchin4h@state.tx.us
Sacha,Punchard,spunchard4i@oakley.com
Velvet,Flynn,vflynn4j@tmall.com
Gaby,Staniland,gstaniland4k@biglobe.ne.jp
Mignonne,Root,mroot4l@google.com
Tally,Mc Carrick,tmccarrick4m@yelp.com
Marietta,Copner,mcopner4n@youku.com
Cleon,Dunkley,cdunkley4o@webs.com
Lee,Lawrence,llawrence4p@wikispaces.com
Rodolfo,Andrick,randrick4q@paypal.com
Micheal,Tubb,mtubb4r@state.tx.us
Norry,Gorry,ngorry4s@domainmarket.com
Jennica,MacGillavery,jmacgillavery4t@yelp.com
Ali,Tarbet,atarbet4u@sbwire.com
Carri,Jarry,cjarry4v@va.gov
Stearn,Lenney,slenney4w@army.mil
Elden,Thurber,ethurber4x@goodreads.com
Lisette,Mouse,lmouse4y@pbs.org
Dyane,Michelmore,dmichelmore4z@netlog.com
Shana,Acheson,sacheson50@stanford.edu
Ethelbert,Moffet,emoffet51@marketwatch.com
Karla,Perigoe,kperigoe52@google.it
Coreen,Pedrick,cpedrick53@geocities.com
Curtis,O'Daly,codaly54@nature.com
Bear,Housego,bhousego55@blogtalkradio.com
Sarajane,Hardy-Piggin,shardypiggin56@google.ru
Glen,Robardet,grobardet57@theatlantic.com
Benedetto,Rainer,brainer58@freewebs.com
Nial,Silman,nsilman59@deviantart.com
Charissa,Este,ceste5a@cornell.edu
Sydney,Birk,sbirk5b@wiley.com
Abbot,Code,acode5c@pbs.org
Nels,Tieraney,ntieraney5d@ask.com
Hayden,Jolliff,hjolliff5e@amazon.co.jp
Tessy,Lenden,tlenden5f@princeton.edu
Tawnya,Askwith,taskwith5g@psu.edu
Darrell,Lazar,dlazar5h@cafepress.com
Elianore,Tordiffe,etordiffe5i@alexa.com
Jared,Shevill,jshevill5j@bing.com
Yulma,Croot,ycroot5k@histats.com
Kimbra,Dorgon,kdorgon5l@tinyurl.com
Dick,Castelluzzi,dcastelluzzi5m@archive.org
Torrin,Morbey,tmorbey5n@buzzfeed.com
Alden,Weinham,aweinham5o@trellian.com
Elsbeth,Pollicatt,epollicatt5p@japanpost.jp
Giacinta,Brecknell,gbrecknell5q@youtube.com
Franciskus,Harriss,fharriss5r@xinhuanet.com
Nowell,Calloway,ncalloway5s@printfriendly.com
Richard,Wilkennson,rwilkennson5t@discuz.net
Connie,Melbury,cmelbury5u@lulu.com
Melisenda,Di Batista,mdibatista5v@gizmodo.com
Rand,Petersen,rpetersen5w@angelfire.com
Teena,Sigward,tsigward5x@wix.com
Jeromy,Killigrew,jkilligrew5y@bizjournals.com
Dela,Jacop,djacop5z@tumblr.com
Lark,Farthin,lfarthin60@ezinearticles.com
Anton,Cadwallader,acadwallader61@who.int
Harald,Connor,hconnor62@marriott.com
Chaunce,King,cking63@earthlink.net
Currey,Merlin,cmerlin64@webs.com
Rey,Bram,rbram65@chron.com
Hillie,Drayn,hdrayn66@meetup.com
Alessandro,Kunneke,akunneke67@scientificamerican.com
Eben,Flockhart,eflockhart68@spiegel.de
Roma,Bradburn,rbradburn69@mlb.com
Thatch,Greguoli,tgreguoli6a@deliciousdays.com
Chickie,Allgood,callgood6b@newyorker.com
Craig,Imlock,cimlock6c@goo.gl
Lesly,Klemensiewicz,lklemensiewicz6d@friendfeed.com
Angel,Tunnock,atunnock6e@ask.com
Willa,Georgel,wgeorgel6f@biblegateway.com
Liane,Neathway,lneathway6g@washingtonpost.com
Anya,Russi,arussi6h@wufoo.com
Marijn,Junkison,mjunkison6i@irs.gov
Adela,Magrane,amagrane6j@topsy.com
Obadias,Weed,oweed6k@eventbrite.com
Dorolice,Michelmore,dmichelmore6l@uiuc.edu
Wilhelmine,Edgecumbe,wedgecumbe6m@histats.com
Fairleigh,Frampton,fframpton6n@shutterfly.com
Noland,McPhilemy,nmcphilemy6o@sina.com.cn
Eleanora,Gowenlock,egowenlock6p@ask.com
Basia,Sterndale,bsterndale6q@economist.com
Brody,Barense,bbarense6r@buzzfeed.com
Muffin,Leaton,mleaton6s@histats.com
Dougy,Eliot,deliot6t@redcross.org
Glen,Aireton,gaireton6u@google.ca
Eddy,Yarnley,eyarnley6v@moonfruit.com
Stacia,Codlin,scodlin6w@g.co
Cyndia,Spaven,cspaven6x@huffingtonpost.com
Cyndia,Mahon,cmahon6y@netlog.com
Carrol,Ishaki,cishaki6z@auda.org.au
Chloe,Dionsetti,cdionsetti70@google.es
Lydie,McDunlevy,lmcdunlevy71@alexa.com
Sybyl,Deeth,sdeeth72@cornell.edu
Rabi,Minnis,rminnis73@slashdot.org
Rosette,Luigi,rluigi74@naver.com
Stefan,Tander,stander75@tripod.com
Carline,Dearnly,cdearnly76@youtube.com
Vinny,Quittonden,vquittonden77@cafepress.com
Susannah,Philliphs,sphilliphs78@lycos.com
Livvy,Gullyes,lgullyes79@g.co
Janeta,Eustice,jeustice7a@mashable.com
Doroteya,Stair,dstair7b@symantec.com
Augusto,Greeve,agreeve7c@sitemeter.com
Sylas,McIlhatton,smcilhatton7d@addtoany.com
Charity,Rosendale,crosendale7e@blinklist.com
Viva,Steer,vsteer7f@so-net.ne.jp
Starlene,Sole,ssole7g@canalblog.com
Derward,Ganiclef,dganiclef7h@ox.ac.uk
Roda,Guys,rguys7i@yolasite.com
Ransom,Bather,rbather7j@jugem.jp
Darin,Kamenar,dkamenar7k@purevolume.com
Lock,Plaskett,lplaskett7l@hugedomains.com
Naomi,Antcliffe,nantcliffe7m@liveinternet.ru
Teodorico,Apps,tapps7n@fema.gov
Ric,Gueinn,rgueinn7o@cbsnews.com
Suki,Ferencz,sferencz7p@ocn.ne.jp
Dix,Oldershaw,doldershaw7q@simplemachines.org
Annora,Dukesbury,adukesbury7r@meetup.com
Umberto,Sperring,usperring7s@wired.com
Artair,Janak,ajanak7t@is.gd
Dyan,Yurivtsev,dyurivtsev7u@sitemeter.com
Reg,Woodison,rwoodison7v@joomla.org
Kitti,Mee,kmee7w@paypal.com
Linnie,Foley,lfoley7x@illinois.edu
Lynelle,Atack,latack7y@hhs.gov
Brandise,Saunper,bsaunper7z@list-manage.com
Richardo,Nestor,rnestor80@netscape.com
Francklyn,Berrygun,fberrygun81@zdnet.com
Artair,Elnough,aelnough82@house.gov
Pinchas,Daniells,pdaniells83@comsenz.com
Berty,Rableau,brableau84@chronoengine.com
Arabele,Duran,aduran85@indiatimes.com
Erick,Learmonth,elearmonth86@adobe.com
Byram,Prendeguest,bprendeguest87@cocolog-nifty.com
Jory,Mougeot,jmougeot88@shutterfly.com
Kathe,Hanny,khanny89@cnbc.com
Adriana,Iglesia,aiglesia8a@mozilla.com
Margery,Placido,mplacido8b@eventbrite.com
Melitta,Northern,mnorthern8c@dot.gov
Ardeen,Ferrucci,aferrucci8d@parallels.com
Fredra,Burdess,fburdess8e@hud.gov
Katherina,Hesey,khesey8f@flavors.me
Ranna,Atthow,ratthow8g@godaddy.com
Parrnell,Jans,pjans8h@seesaa.net
Anna-diana,Marquis,amarquis8i@diigo.com
Gale,Skym,gskym8j@blog.com
Tana,Patkin,tpatkin8k@last.fm
Alli,Treweke,atreweke8l@symantec.com
Marylinda,Petrello,mpetrello8m@washington.edu
Frazer,Dobie,fdobie8n@w3.org
Deonne,Farnall,dfarnall8o@google.it
Ferne,MacKim,fmackim8p@prlog.org
Amalie,Bortolussi,abortolussi8q@e-recht24.de
Shir,Tidbold,stidbold8r@msu.edu
Gunter,Rasmus,grasmus8s@youtube.com
Dyann,Grishakin,dgrishakin8t@omniture.com
Kristen,Oliveira,koliveira8u@slideshare.net
Arden,Goodfield,agoodfield8v@si.edu
Aliza,Lafuente,alafuente8w@economist.com
Ashley,Moakson,amoakson8x@reddit.com
Dorie,Headan,dheadan8y@pinterest.com
Chastity,Gedney,cgedney8z@is.gd
Betty,Huitson,bhuitson90@moonfruit.com
Jermain,Whyteman,jwhyteman91@t.co
Domini,Treadgall,dtreadgall92@csmonitor.com
Olivia,Clemenzi,oclemenzi93@dailymotion.com
Lonee,Delf,ldelf94@whitehouse.gov
Mei,Petry,mpetry95@unc.edu
Brier,Massot,bmassot96@blogs.com
Travus,Scarborough,tscarborough97@shinystat.com
Gideon,Kisar,gkisar98@ebay.co.uk
Hakeem,Shelliday,hshelliday99@vinaora.com
Anna-diana,Cohan,acohan9a@dot.gov
Edie,Toon,etoon9b@tinypic.com
Penelopa,Mingasson,pmingasson9c@wsj.com
Josefa,Peschet,jpeschet9d@yahoo.com
Lay,Wardlaw,lwardlaw9e@parallels.com
Holden,Kane,hkane9f@mozilla.com
Brandais,Sommerville,bsommerville9g@narod.ru
Kele,Millier,kmillier9h@blogger.com
Rice,Fevers,rfevers9i@reference.com
Ransom,Lenormand,rlenormand9j@bloglines.com
Oneida,Halversen,ohalversen9k@businessinsider.com
Deedee,Theml,dtheml9l@github.com
Shannon,Collcott,scollcott9m@salon.com
Ingunna,Fermer,ifermer9n@tinypic.com
Aggy,Kemme,akemme9o@51.la
Eugenia,Clowney,eclowney9p@skyrock.com
Roberto,Maltster,rmaltster9q@privacy.gov.au
Engelbert,Huffadine,ehuffadine9r@senate.gov
Elvina,Edkins,eedkins9s@businessweek.com
Dene,Barette,dbarette9t@google.it
Clemente,Hudleston,chudleston9u@unc.edu
Gamaliel,Arran,garran9v@google.de
Kinny,Cornelius,kcornelius9w@google.pl
Jeannine,Morford,jmorford9x@1und1.de
Fionnula,Edwinson,fedwinson9y@washingtonpost.com
Linette,Harrill,lharrill9z@unesco.org
Vidovic,Ebbrell,vebbrella0@kickstarter.com
Bianka,Hurlston,bhurlstona1@printfriendly.com
Sigmund,Egdal,segdala2@ox.ac.uk
Pearce,Sharram,psharrama3@amazonaws.com
Salome,Artharg,sartharga4@huffingtonpost.com
Clay,Le Estut,cleestuta5@cbsnews.com
Fanchette,Lowthian,flowthiana6@wisc.edu
Trefor,Barber,tbarbera7@japanpost.jp
Seline,Plet,spleta8@unicef.org
Rubin,Alenichicov,ralenichicova9@edublogs.org
Sonny,Cicccitti,scicccittiaa@nytimes.com
Ambrosi,Gawthrope,agawthropeab@tinyurl.com
Gregory,Gallafant,ggallafantac@npr.org
Pascal,BURWIN,pburwinad@4shared.com
Ina,McArley,imcarleyae@unblog.fr
Novelia,MacCartan,nmaccartanaf@about.me
Remus,Sykes,rsykesag@psu.edu
Obediah,Morad,omoradah@blogs.com
Berthe,Elmore,belmoreai@woothemes.com
Thornton,Tidgewell,ttidgewellaj@ca.gov
Teddy,Azam,tazamak@ask.com
Eleanore,Moralas,emoralasal@cocolog-nifty.com
Arne,Ellcome,aellcomeam@themeforest.net
August,Ruddock,aruddockan@thetimes.co.uk
Eloise,Diprose,ediproseao@github.com
Stanley,Grayshon,sgrayshonap@foxnews.com
Kayne,Llewhellin,kllewhellinaq@arstechnica.com
Marcela,Giorgioni,mgiorgioniar@who.int
Iorgo,Danzig,idanzigas@vinaora.com
Wainwright,Rawe,wraweat@seattletimes.com
Addy,O'Criane,aocrianeau@bing.com
Madalena,Delph,mdelphav@wordpress.com
Michale,McCloughlin,mmccloughlinaw@odnoklassniki.ru
Madelin,Yushachkov,myushachkovax@simplemachines.org
Bibbye,Cecely,bcecelyay@prweb.com
Fifi,Feldhorn,ffeldhornaz@exblog.jp
Faun,Kynastone,fkynastoneb0@google.nl
Calli,Gotthard.sf,cgotthardsfb1@sfgate.com
Sara-ann,Warlock,swarlockb2@skyrock.com
Trip,Raffin,traffinb3@ehow.com
Skyler,Arsnell,sarsnellb4@angelfire.com
Arleyne,Martin,amartinb5@webmd.com
Sinclair,Bourcq,sbourcqb6@hibu.com
Hogan,Maple,hmapleb7@list-manage.com
Merry,Lamp,mlampb8@noaa.gov
Andriette,Airey,aaireyb9@1und1.de
Bobbie,Giacomini,bgiacominiba@google.co.uk
Minda,Kerswill,mkerswillbb@hatena.ne.jp
Virgil,Goldsbury,vgoldsburybc@jimdo.com
Phillipe,Jerzak,pjerzakbd@dyndns.org
Skippie,McAllaster,smcallasterbe@princeton.edu
Rolph,Regorz,rregorzbf@icio.us
Eleanore,Boliver,eboliverbg@booking.com
Meta,Trunkfield,mtrunkfieldbh@ucla.edu
Milty,Hinrich,mhinrichbi@mapquest.com
Jeni,Birrel,jbirrelbj@istockphoto.com
Katheryn,Charnock,kcharnockbk@rediff.com
Panchito,Wetherburn,pwetherburnbl@weibo.com
Chastity,Seebright,cseebrightbm@aol.com
Trudey,Oleshunin,toleshuninbn@ucsd.edu
Issi,Snoxell,isnoxellbo@ovh.net
Langsdon,Page,lpagebp@sun.com
Caroline,Felderer,cfeldererbq@plala.or.jp
Tull,Wigley,twigleybr@cmu.edu
Stillmann,Drage,sdragebs@domainmarket.com
Eal,Belf,ebelfbt@imageshack.us
Adriaens,Simonsson,asimonssonbu@harvard.edu
Joyce,Deegan,jdeeganbv@blogtalkradio.com
Freedman,Godfree,fgodfreebw@miibeian.gov.cn
Lucinda,MacKenzie,lmackenziebx@wordpress.com
Aaren,Umpleby,aumplebyby@globo.com
Maren,Glancy,mglancybz@nydailynews.com
Dianemarie,MacAskill,dmacaskillc0@1688.com
Kirby,Kimmince,kkimmincec1@rambler.ru
Raynell,Gage,rgagec2@admin.ch
Opaline,Bonus,obonusc3@ibm.com
Pate,Normavell,pnormavellc4@spiegel.de
Tomlin,Reboulet,trebouletc5@ftc.gov
Dolley,Mahon,dmahonc6@com.com
Wald,Foulstone,wfoulstonec7@bbb.org
Wilt,Crippen,wcrippenc8@techcrunch.com
Dix,Cardon,dcardonc9@geocities.jp
Salvidor,Assiter,sassiterca@va.gov
Dix,Yarwood,dyarwoodcb@vkontakte.ru
Lanny,Latan,llatancc@liveinternet.ru
Danella,Bravery,dbraverycd@studiopress.com
Julia,Frentz,jfrentzce@instagram.com
Amerigo,Dixie,adixiecf@yale.edu
Datha,Ghilks,dghilkscg@hugedomains.com
Grant,Kimmerling,gkimmerlingch@irs.gov
Leyla,Eager,leagerci@dot.gov
Gilles,Gaskarth,ggaskarthcj@wikispaces.com
Viviana,Lorenzetto,vlorenzettock@nasa.gov
Hamil,Elby,helbycl@google.ru
Caril,Bernardini,cbernardinicm@diigo.com
Shirley,Elson,selsoncn@pinterest.com
Pansy,Witty,pwittyco@ft.com
Philipa,McDowell,pmcdowellcp@reuters.com
Lulita,Sandle,lsandlecq@fc2.com
Ashley,McPhelimy,amcphelimycr@comcast.net
Rozalie,Sines,rsinescs@gravatar.com
Conant,Winny,cwinnyct@nydailynews.com
Zuzana,Braunlein,zbraunleincu@cisco.com
Cortie,Prinett,cprinettcv@phoca.cz
Andrej,Golightly,agolightlycw@rediff.com
Rorie,Minors,rminorscx@netvibes.com
Ichabod,Inderwick,iinderwickcy@so-net.ne.jp
Faustina,Ackred,fackredcz@myspace.com
Justis,Blinkhorn,jblinkhornd0@joomla.org
Stephine,Crann,scrannd1@netlog.com
Hersch,Litel,hliteld2@washington.edu
Jedediah,Milley,jmilleyd3@cornell.edu
Claus,Geertz,cgeertzd4@guardian.co.uk
Ewart,Grishukhin,egrishukhind5@weibo.com
Eduino,Strelitzer,estrelitzerd6@vimeo.com
Addi,Gedge,agedged7@google.com
Anstice,Sherr,asherrd8@huffingtonpost.com
Spencer,Lathbury,slathburyd9@mit.edu
Jaye,Biddlecombe,jbiddlecombeda@nydailynews.com
Mozelle,Howland,mhowlanddb@topsy.com
Renaldo,Churm,rchurmdc@uol.com.br
Vasili,Von Brook,vvonbrookdd@scientificamerican.com
Sauncho,Obern,sobernde@pcworld.com
Alena,Beldam,abeldamdf@slashdot.org
Julius,Wooler,jwoolerdg@house.gov
Artemas,Leaney,aleaneydh@hp.com
Martino,Malster,mmalsterdi@state.gov
Meggie,Cockaday,mcockadaydj@meetup.com
Gualterio,De Anesy,gdeanesydk@webnode.com
Ellerey,Faithorn,efaithorndl@house.gov
Rosemarie,Coraini,rcorainidm@issuu.com
Darby,Barstock,dbarstockdn@gizmodo.com
Chevy,Drewet,cdrewetdo@1688.com
Elia,Greatbanks,egreatbanksdp@sun.com
Auria,Mattheissen,amattheissendq@newsvine.com
Thekla,Chaunce,tchauncedr@fc2.com
Karita,Waumsley,kwaumsleyds@freewebs.com
Brittan,Casel,bcaseldt@fotki.com
Domingo,Boyne,dboynedu@deviantart.com
Rheba,Staynes,rstaynesdv@yandex.ru
Luther,Whiffen,lwhiffendw@nymag.com
Omar,Kisbee,okisbeedx@fastcompany.com
Garek,Lanegran,glanegrandy@dell.com
Ogdan,Crockett,ocrockettdz@usnews.com
Rachael,Alday,raldaye0@cnet.com
Devina,Field,dfielde1@tripadvisor.com
Jeannette,Sliney,jslineye2@slate.com
Eldon,Borg,eborge3@csmonitor.com
Llewellyn,Tupie,ltupiee4@alibaba.com
Ingrim,Brenton,ibrentone5@bbb.org
Norbie,Van den Bosch,nvandenbosche6@cisco.com
Angela,Stabler,astablere7@mapquest.com
Zachary,Beeswing,zbeeswinge8@purevolume.com
Murry,Schulze,mschulzee9@fema.gov
Inness,Kenaway,ikenawayea@huffingtonpost.com
Ozzy,Glason,oglasoneb@dyndns.org
Willdon,Palfrie,wpalfrieec@house.gov
Camilla,Hicklingbottom,chicklingbottomed@prnewswire.com
Sheila-kathryn,Edworthy,sedworthyee@irs.gov
Corinne,McLernon,cmclernonef@phoca.cz
Tony,Ipwell,tipwelleg@europa.eu
Raf,Hannay,rhannayeh@ow.ly
Welbie,Stoite,wstoiteei@scientificamerican.com
Leicester,Pilley,lpilleyej@biglobe.ne.jp
Zia,Toms,ztomsek@nytimes.com
Grayce,Nassi,gnassiel@aol.com
Fidelia,Ghilardini,fghilardiniem@hhs.gov
Fenelia,Lodden,floddenen@state.gov
Hashim,Rimmer,hrimmereo@bravesites.com
Dietrich,Bill,dbillep@google.co.jp
Anderea,Smallthwaite,asmallthwaiteeq@smugmug.com
Georgine,Summerfield,gsummerfielder@intel.com
Monty,Shivlin,mshivlines@nytimes.com
Sarette,Tratton,strattonet@weather.com
Ransell,Compson,rcompsoneu@freewebs.com
Emmit,Aireton,eairetonev@wired.com
Cinda,Hightown,chightownew@ebay.com
Agathe,Blandamere,ablandamereex@cdc.gov
Nonah,Twopenny,ntwopennyey@eepurl.com
Caterina,Gronowe,cgronoweez@nationalgeographic.com
Hamish,Doulton,hdoultonf0@paypal.com
Rachelle,Flello,rflellof1@github.io
Gypsy,Quin,gquinf2@dagondesign.com
Dud,Doggett,ddoggettf3@japanpost.jp
Alberto,Upshall,aupshallf4@unesco.org
Sandy,Guitton,sguittonf5@java.com
Jaye,Kleuer,jkleuerf6@virginia.edu
Daffi,Brauner,dbraunerf7@nationalgeographic.com
Anabelle,Creswell,acreswellf8@bbc.co.uk
Carla,Deppen,cdeppenf9@google.ru
Hirsch,Tarrant,htarrantfa@wufoo.com
Willie,Brundell,wbrundellfb@paypal.com
Towney,O'Lyhane,tolyhanefc@networksolutions.com
Fawnia,Rahill,frahillfd@nsw.gov.au
Rog,Schruurs,rschruursfe@nasa.gov
Caesar,Rickaby,crickabyff@sun.com
Idelle,Gheeraert,igheeraertfg@accuweather.com
Hector,Sherlock,hsherlockfh@marketwatch.com
Karita,Andrews,kandrewsfi@bluehost.com
Tabbie,Tighe,ttighefj@issuu.com
Burnard,Wesley,bwesleyfk@pcworld.com
Ameline,Rojas,arojasfl@google.it
Brietta,Aizikovich,baizikovichfm@scribd.com
Evin,Hoofe,ehoofefn@rambler.ru
Templeton,April,taprilfo@myspace.com
Arlina,Cornwall,acornwallfp@ibm.com
Meredith,Lawley,mlawleyfq@ehow.com
Jefferey,McKinty,jmckintyfr@wikipedia.org
Orel,Bickle,obicklefs@cbslocal.com
Frasquito,Fernyhough,ffernyhoughft@wisc.edu
Robby,Pilpovic,rpilpovicfu@epa.gov
Zea,Asplin,zasplinfv@psu.edu
Fianna,Iannelli,fiannellifw@dedecms.com
Gabriello,Phillput,gphillputfx@wunderground.com
Budd,Brenton,bbrentonfy@imgur.com
Linus,Loakes,lloakesfz@goo.gl
Kaine,Fetherston,kfetherstong0@exblog.jp
Sayer,Venard,svenardg1@globo.com
Orsola,Cornfield,ocornfieldg2@youtube.com
Julienne,Bargery,jbargeryg3@unc.edu
Karia,Lawn,klawng4@technorati.com
Marjy,Swynley,mswynleyg5@printfriendly.com
Myrwyn,Robelet,mrobeletg6@va.gov
Wallas,Jaukovic,wjaukovicg7@digg.com
Edi,McQuillan,emcquillang8@booking.com
Kayley,Chiechio,kchiechiog9@is.gd
Kandace,Oldale,koldalega@kickstarter.com
Skelly,Cokely,scokelygb@boston.com
Blaire,Mulqueeny,bmulqueenygc@joomla.org
Baillie,McIlwrath,bmcilwrathgd@naver.com
Lionello,Lefley,llefleyge@umn.edu
Pincus,Kelinge,pkelingegf@amazonaws.com
Jillane,Wayt,jwaytgg@foxnews.com
Early,Pheazey,epheazeygh@latimes.com
Simonne,Garrigan,sgarrigangi@scientificamerican.com
Osmund,Suddell,osuddellgj@sogou.com
Andeee,Foulcher,afoulchergk@cpanel.net
Zelda,Simenel,zsimenelgl@sitemeter.com
Idell,Devil,idevilgm@ustream.tv
Emilee,Van Der Straaten,evanderstraatengn@linkedin.com
Helga,Lionel,hlionelgo@mapy.cz
Bettye,Totaro,btotarogp@about.me
Genni,MacCoveney,gmaccoveneygq@posterous.com
Nanni,Loffhead,nloffheadgr@flickr.com
Korey,Stagg,kstagggs@yelp.com
Neill,Hembery,nhemberygt@over-blog.com
Cally,Flucker,cfluckergu@archive.org
Tana,Van Arsdall,tvanarsdallgv@vk.com
Vernice,Gerrans,vgerransgw@google.fr
Andrea,Harradine,aharradinegx@discovery.com
Vera,Janicek,vjanicekgy@smugmug.com
Nadia,Coggill,ncoggillgz@macromedia.com
Jamesy,Ladbrook,jladbrookh0@usatoday.com
Gardner,Janik,gjanikh1@google.nl
Paco,Pinchon,ppinchonh2@bloglines.com
Geneva,Pieter,gpieterh3@51.la
Malynda,Trewin,mtrewinh4@hao123.com
Margaret,Helsby,mhelsbyh5@indiatimes.com
Genovera,Petken,gpetkenh6@example.com
Klarrisa,Woolens,kwoolensh7@google.co.uk
Rhett,Mish,rmishh8@digg.com
Cullin,Learned,clearnedh9@reddit.com
Steffen,Barends,sbarendsha@youku.com
Lorri,Botler,lbotlerhb@wikispaces.com
Irene,Madgwick,imadgwickhc@amazonaws.com
Demott,Heggie,dheggiehd@tripod.com
Katha,Whyard,kwhyardhe@topsy.com
Willow,Ingerman,wingermanhf@dagondesign.com
Madelle,Ebunoluwa,mebunoluwahg@gravatar.com
Holmes,Calbrathe,hcalbrathehh@posterous.com
Rubetta,Van de Castele,rvandecastelehi@paypal.com
Mae,Floyde,mfloydehj@usnews.com
Hester,Cracknell,hcracknellhk@cnet.com
Bondon,Duham,bduhamhl@mayoclinic.com
Maynard,Wilacot,mwilacothm@youku.com
Pegeen,Trowill,ptrowillhn@mlb.com
Allene,Leggin,alegginho@netvibes.com
Francesco,Charopen,fcharopenhp@thetimes.co.uk
Carmel,Warlowe,cwarlowehq@theguardian.com
Gustav,Tennewell,gtennewellhr@alexa.com
Zachariah,Lamlin,zlamlinhs@sina.com.cn
Fan,Eyrl,feyrlht@phoca.cz
Bentlee,Cicccitti,bcicccittihu@yale.edu
Darell,Hacksby,dhacksbyhv@behance.net
Betta,Burless,bburlesshw@washingtonpost.com
Easter,Dawes,edaweshx@tripadvisor.com
Fern,Woodruff,fwoodruffhy@wikipedia.org
Enrika,MacGibbon,emacgibbonhz@examiner.com
Drusie,Audry,daudryi0@posterous.com
Maire,Twine,mtwinei1@mozilla.org
Karrah,Meeus,kmeeusi2@hostgator.com
Briney,Chishull,bchishulli3@upenn.edu
Ali,Lorans,aloransi4@narod.ru
Tirrell,Skeath,tskeathi5@unicef.org
Mora,Sargint,msarginti6@businesswire.com
Virgina,Whitemarsh,vwhitemarshi7@soundcloud.com
Sherry,MacNelly,smacnellyi8@shutterfly.com
Marrilee,Dimanche,mdimanchei9@1und1.de
Steffie,Mullan,smullania@hud.gov
Clementine,Delyth,cdelythib@google.nl
Borden,Svanetti,bsvanettiic@nytimes.com
Taddeusz,Coultard,tcoultardid@reverbnation.com
Aldric,Hillaby,ahillabyie@mtv.com
Clemmy,Croft,ccroftif@abc.net.au
Doralynn,Horder,dhorderig@cam.ac.uk
Finlay,Dellenbrok,fdellenbrokih@nifty.com
Rolf,MacCorley,rmaccorleyii@si.edu
Edyth,Seabright,eseabrightij@biblegateway.com
Amelie,Isbell,aisbellik@flavors.me
Derward,Growcock,dgrowcockil@wordpress.com
Kiley,Hanigan,khaniganim@washington.edu
Adeline,Radmer,aradmerin@yahoo.com
Dacie,Pacitti,dpacittiio@wsj.com
Shepperd,Ragbourn,sragbournip@ibm.com
Ertha,Fishley,efishleyiq@about.com
Berry,Bohlmann,bbohlmannir@ameblo.jp
Judith,Tomei,jtomeiis@51.la
Melly,Dullard,mdullardit@bbc.co.uk
Estelle,Benedetti,ebenedettiiu@ezinearticles.com
Adele,Nehls,anehlsiv@ning.com
Pall,Belchambers,pbelchambersiw@msn.com
Danyelle,Carnelley,dcarnelleyix@squidoo.com
Nelia,Christaeas,nchristaeasiy@tamu.edu
Zebulen,Kulas,zkulasiz@desdev.cn
Timotheus,Harpham,tharphamj0@tumblr.com
Hurlee,Moden,hmodenj1@shop-pro.jp
Dur,Pesic,dpesicj2@berkeley.edu
Edy,Conew,econewj3@myspace.com
Gayla,Fletham,gflethamj4@amazon.co.jp
Kelci,Guarnier,kguarnierj5@homestead.com
Nappie,Luby,nlubyj6@biglobe.ne.jp
Grace,Alf,galfj7@symantec.com
Melicent,Inston,minstonj8@vimeo.com
Carolee,Brandrick,cbrandrickj9@geocities.com
Hubert,Hundey,hhundeyja@yellowbook.com
Rurik,Simeons,rsimeonsjb@last.fm
Anselma,Eassom,aeassomjc@vk.com
Nona,Keggin,nkegginjd@examiner.com
Noel,Bea,nbeaje@hostgator.com
Elisha,Herley,eherleyjf@rediff.com
Edwin,Rickardsson,erickardssonjg@hostgator.com
Matthieu,Iacovino,miacovinojh@storify.com
Clement,O' Reagan,coreaganji@dropbox.com
Lucho,Handrock,lhandrockjj@forbes.com
Penny,Craigmile,pcraigmilejk@soup.io
Kenna,Golthorpp,kgolthorppjl@dedecms.com
Candide,Pettecrew,cpettecrewjm@squidoo.com
Dyna,Wagg,dwaggjn@nhs.uk
Vernen,Bailes,vbailesjo@google.de
Glad,Meechan,gmeechanjp@latimes.com
Abbie,De Malchar,ademalcharjq@state.tx.us
Andris,Finnick,afinnickjr@de.vu
Boothe,Sandison,bsandisonjs@wikispaces.com
Mateo,Yearne,myearnejt@4shared.com
Rutledge,Melburg,rmelburgju@gnu.org
Hamilton,Maleham,hmalehamjv@163.com
Joya,Entwhistle,jentwhistlejw@dell.com
Loren,Matthewes,lmatthewesjx@blogspot.com
Danica,Polglaze,dpolglazejy@yale.edu
Carlynn,Seys,cseysjz@independent.co.uk
Padgett,Blewis,pblewisk0@tinyurl.com
Hazlett,Strewther,hstrewtherk1@storify.com
Shadow,Clawley,sclawleyk2@sourceforge.net
Jarrad,Shoutt,jshouttk3@irs.gov
Candis,Davidovici,cdavidovicik4@joomla.org
Pembroke,Purcell,ppurcellk5@bbc.co.uk
Barron,Rucklidge,brucklidgek6@upenn.edu
Marita,Devonshire,mdevonshirek7@mozilla.org
Augie,Stark,astarkk8@weather.com
Butch,Dyshart,bdyshartk9@usatoday.com
Kelly,Durran,kdurranka@dedecms.com
Vale,Beaston,vbeastonkb@skyrock.com
Stephan,Mole,smolekc@google.nl
Jeffie,Sushams,jsushamskd@lycos.com
Lock,Whetnell,lwhetnellke@nasa.gov
Dayna,Linzey,dlinzeykf@51.la
Don,Darnody,ddarnodykg@bravesites.com
Roxane,Olechnowicz,rolechnowiczkh@paginegialle.it
Laraine,McTurk,lmcturkki@goo.gl
Sherman,Gini,sginikj@360.cn
Ermin,Klemencic,eklemencickk@cyberchimps.com
Clemmie,Mannin,cmanninkl@hugedomains.com
Lexy,Muldownie,lmuldowniekm@wikia.com
Tyrus,Kohrsen,tkohrsenkn@github.io
Marja,Cleverley,mcleverleyko@utexas.edu
Caril,Ruselin,cruselinkp@phpbb.com
Susana,Emptage,semptagekq@soundcloud.com
Marina,Crimin,mcriminkr@ifeng.com
Eadmund,Ogborn,eogbornks@harvard.edu
Abraham,Semple,asemplekt@networkadvertising.org
Natal,Scannell,nscannellku@sbwire.com
Markus,Crudgington,mcrudgingtonkv@alibaba.com
Syman,Lemerle,slemerlekw@meetup.com
Olav,Nelthorpe,onelthorpekx@thetimes.co.uk
Gabby,Biaggi,gbiaggiky@ftc.gov
Brandais,Vanetti,bvanettikz@ycombinator.com
Ebeneser,McAviy,emcaviyl0@tamu.edu
Zita,Ingold,zingoldl1@nature.com
Cristabel,Bartosiak,cbartosiakl2@about.me
Rebeca,Clift,rcliftl3@nature.com
Vernen,Grave,vgravel4@discuz.net
Sonni,Morrell,smorrelll5@themeforest.net
Jory,Bundey,jbundeyl6@gnu.org
Shannah,Glaister,sglaisterl7@vistaprint.com
Aviva,Volet,avoletl8@globo.com
Trace,Guiso,tguisol9@columbia.edu
Darren,Shinfield,dshinfieldla@engadget.com
Blythe,Shere,bsherelb@reference.com
Kimberley,Sneller,ksnellerlc@nih.gov
Maggi,Turbefield,mturbefieldld@g.co
Sheila,Overstall,soverstallle@squarespace.com
Tiler,Geaney,tgeaneylf@alibaba.com
Tomasina,Zorzenoni,tzorzenonilg@dyndns.org
Romola,Goshawk,rgoshawklh@jiathis.com
Balduin,Ledeker,bledekerli@flickr.com
Mildrid,Nieass,mnieasslj@engadget.com
Gillie,Queree,gquereelk@about.com
Conney,Poacher,cpoacherll@altervista.org
Hedvige,Haggett,hhaggettlm@icio.us
Sky,Andersson,sanderssonln@wikimedia.org
Allie,Endon,aendonlo@utexas.edu
Myrah,Meindl,mmeindllp@ameblo.jp
Gaelan,Gummery,ggummerylq@printfriendly.com
Hall,Spurnier,hspurnierlr@w3.org
Verile,Wittey,vwitteyls@rambler.ru
Lorin,Kilgallen,lkilgallenlt@wsj.com
Kimball,Ledwich,kledwichlu@sfgate.com
Brittani,Rodenburg,brodenburglv@nifty.com
Sonia,Samson,ssamsonlw@last.fm
Dallas,Scroyton,dscroytonlx@4shared.com
Jourdan,Glenwright,jglenwrightly@rakuten.co.jp
Kevan,Hearnaman,khearnamanlz@cisco.com
Tirrell,Haker,thakerm0@naver.com
Gretal,Mackriell,gmackriellm1@patch.com
Maren,Kuller,mkullerm2@mapquest.com
Belicia,Hewkin,bhewkinm3@google.nl
Gussi,Blasi,gblasim4@homestead.com
Adeline,Flade,afladem5@e-recht24.de
Jesus,Fancourt,jfancourtm6@wp.com
Pauly,Pettisall,ppettisallm7@microsoft.com
Parrnell,Bransom,pbransomm8@tiny.cc
Town,Colisbe,tcolisbem9@sciencedaily.com
Bryn,Wardall,bwardallma@sourceforge.net
Catherina,Antusch,cantuschmb@pen.io
Tarrance,Raith,traithmc@admin.ch
Cherianne,Whittington,cwhittingtonmd@twitpic.com
Nariko,Andrzejczak,nandrzejczakme@dot.gov
Elga,De Blasio,edeblasiomf@phoca.cz
Ramona,Milesap,rmilesapmg@boston.com
Moritz,Titchener,mtitchenermh@abc.net.au
Anstice,Grendon,agrendonmi@mozilla.org
Reinaldo,MacFie,rmacfiemj@com.com
Genna,Dempster,gdempstermk@boston.com
Erny,Looby,eloobyml@devhub.com
Bo,Costigan,bcostiganmm@google.pl
Stefanie,Wyborn,swybornmn@sfgate.com
Quinn,Selbach,qselbachmo@e-recht24.de
Wilone,Mulleary,wmullearymp@arizona.edu
Alicia,Gerrietz,agerrietzmq@tamu.edu
Fax,Groucutt,fgroucuttmr@opensource.org
Coralyn,Lofty,cloftyms@msn.com
Chancey,Ivanchov,civanchovmt@spiegel.de
Tybie,Perin,tperinmu@cbsnews.com
Sabine,Waszczykowski,swaszczykowskimv@nymag.com
Cornie,Selborne,cselbornemw@wordpress.com
Lyndy,Selburn,lselburnmx@usnews.com
Elsbeth,Adamkiewicz,eadamkiewiczmy@godaddy.com
Rasia,Bourchier,rbourchiermz@reddit.com
Arty,Bernadzki,abernadzkin0@dyndns.org
Thorn,Jouanny,tjouannyn1@vistaprint.com
Kellia,Karby,kkarbyn2@phpbb.com
Kevyn,de Verson,kdeversonn3@unesco.org
Zaccaria,Sinfield,zsinfieldn4@pbs.org
Etienne,Romagosa,eromagosan5@economist.com
Inge,Lorkin,ilorkinn6@51.la
Ivar,Stowgill,istowgilln7@dion.ne.jp
Kathie,Jennings,kjenningsn8@washingtonpost.com
Frederick,Smythe,fsmythen9@multiply.com
Carrissa,Mannock,cmannockna@newsvine.com
Hugo,Smeall,hsmeallnb@goo.ne.jp
Truman,Penright,tpenrightnc@blogtalkradio.com
Luelle,Rathbourne,lrathbournend@last.fm
Ange,Cassy,acassyne@opensource.org
Bill,Nathon,bnathonnf@sina.com.cn
Blythe,Canaan,bcanaanng@cornell.edu
Olivie,Wellan,owellannh@bigcartel.com
Gaby,Dayton,gdaytonni@ucoz.ru
Drusy,Ivanuschka,divanuschkanj@dailymotion.com
Rhea,Ullett,rullettnk@telegraph.co.uk
Mortimer,Darragh,mdarraghnl@sciencedaily.com
Leora,Willard,lwillardnm@hibu.com
Blinni,Henden,bhendennn@cbsnews.com
Brnaba,Minards,bminardsno@ow.ly
Arabela,Brandoni,abrandoninp@w3.org
Morris,Frankcom,mfrankcomnq@xrea.com
Cesya,Billsberry,cbillsberrynr@indiegogo.com
Cicely,Akeherst,cakeherstns@blogtalkradio.com
Alva,Sircomb,asircombnt@delicious.com
Edward,Halbeard,ehalbeardnu@unc.edu
Lucila,Voden,lvodennv@posterous.com
Sadella,Kennicott,skennicottnw@icq.com
Merna,Whitewood,mwhitewoodnx@free.fr
Marice,Alvarado,malvaradony@bloomberg.com
Norby,MacNeillie,nmacneillienz@wordpress.org
Standford,Ikin,sikino0@wsj.com
Lenora,Blanchet,lblancheto1@odnoklassniki.ru
Guillaume,Crangle,gcrangleo2@yellowpages.com
Guglielma,Hiddsley,ghiddsleyo3@dailymail.co.uk
Ole,Elstub,oelstubo4@ucoz.ru
Nevil,Meineken,nmeinekeno5@vinaora.com
Genvieve,Alenichicov,galenichicovo6@springer.com
Brandy,Starbucke,bstarbuckeo7@xrea.com
Evangelina,Huddart,ehuddarto8@spiegel.de
Wylie,Capewell,wcapewello9@cocolog-nifty.com
Pace,Murfill,pmurfilloa@dagondesign.com
Tally,Brome,tbromeob@wikia.com
Phil,Tilbrook,ptilbrookoc@hp.com
Mady,Theuss,mtheussod@epa.gov
Maribel,Rossant,mrossantoe@livejournal.com
Danielle,Swaddle,dswaddleof@github.io
Anetta,Lilford,alilfordog@bandcamp.com
Hubie,Delyth,hdelythoh@qq.com
Ange,Dennison,adennisonoi@jalbum.net
Ange,Gehricke,agehrickeoj@purevolume.com
Janessa,Cordeix,jcordeixok@mapy.cz
Ram,Showte,rshowteol@liveinternet.ru
Corbett,Dirkin,cdirkinom@weather.com
Cassaundra,Godridge,cgodridgeon@dailymotion.com
Tammie,Gorton,tgortonoo@pcworld.com
Livia,Twort,ltwortop@aol.com
Graham,Piet,gpietoq@google.ru
Hulda,Carnson,hcarnsonor@youtu.be
Noellyn,Olivelli,nolivellios@newsvine.com
Scarlet,Marshman,smarshmanot@dot.gov
Shalom,McLagan,smclaganou@google.com
Genvieve,Sheppey,gsheppeyov@amazonaws.com
Brandea,Maybery,bmayberyow@e-recht24.de
Katina,Thacker,kthackerox@va.gov
Monty,Gowans,mgowansoy@yolasite.com
Eddie,Tavernor,etavernoroz@infoseek.co.jp
Agnes,Saylor,asaylorp0@yale.edu
Tony,Browett,tbrowettp1@bizjournals.com
Vonnie,Downham,vdownhamp2@spiegel.de
Marrilee,Abrahamsohn,mabrahamsohnp3@netlog.com
Imelda,Piggen,ipiggenp4@gravatar.com
Minor,Jina,mjinap5@wufoo.com
Sarine,Darnbrough,sdarnbroughp6@go.com
Junina,Marston,jmarstonp7@taobao.com
Karrah,Biggerdike,kbiggerdikep8@ow.ly
Winny,Gedling,wgedlingp9@hostgator.com
Jock,Snawden,jsnawdenpa@ft.com
Kevin,Simmance,ksimmancepb@google.co.uk
Harmony,Donaghie,hdonaghiepc@blogger.com
Finn,Hindenberger,fhindenbergerpd@gnu.org
Wini,Vasyunichev,wvasyunichevpe@pcworld.com
Ali,Moine,amoinepf@pen.io
Heddi,Alabaster,halabasterpg@imgur.com
Brooke,Rudge,brudgeph@usgs.gov
Margot,Piscopo,mpiscopopi@bloglovin.com
Joan,Keneleyside,jkeneleysidepj@dagondesign.com
Aurelea,Rouchy,arouchypk@purevolume.com
Ashley,Garioch,agariochpl@google.de
Hettie,Readmire,hreadmirepm@statcounter.com
Renie,Gierhard,rgierhardpn@w3.org
Denys,Brickdale,dbrickdalepo@fotki.com
Erika,Reidie,ereidiepp@e-recht24.de
Annnora,Shepley,ashepleypq@de.vu
Erminie,Skeleton,eskeletonpr@xing.com
Marsh,Golt,mgoltps@dot.gov
Cheslie,Minter,cminterpt@nsw.gov.au
Steffie,Roycroft,sroycroftpu@jugem.jp
Ban,Stuchbury,bstuchburypv@jiathis.com
Kingsly,Shadrach,kshadrachpw@nbcnews.com
Steven,Goudard,sgoudardpx@exblog.jp
Alejoa,Abbotts,aabbottspy@godaddy.com
Shirlene,Titterell,stitterellpz@macromedia.com
Kristin,Skeemor,kskeemorq0@theatlantic.com
Malva,Tarbatt,mtarbattq1@photobucket.com
Germaine,Mohamed,gmohamedq2@hc360.com
Ferd,Greenig,fgreenigq3@themeforest.net
Kylen,Lowell,klowellq4@bigcartel.com
Stanfield,Domange,sdomangeq5@w3.org
Steve,Kittman,skittmanq6@symantec.com
Nickie,McPhelimy,nmcphelimyq7@newyorker.com
Regina,Taylor,rtaylorq8@whitehouse.gov
Lyndel,Castlake,lcastlakeq9@prnewswire.com
Wood,Lealle,wlealleqa@com.com
Wat,Geroldini,wgeroldiniqb@nba.com
Margaret,Petigrew,mpetigrewqc@uol.com.br
Nanice,Keepence,nkeepenceqd@ehow.com
Chuck,Silmon,csilmonqe@qq.com
Lacie,McKoy,lmckoyqf@nydailynews.com
Anselma,Horwell,ahorwellqg@delicious.com
Shoshanna,Trewartha,strewarthaqh@chron.com
Steffane,Bainbrigge,sbainbriggeqi@vistaprint.com
Demeter,Bauldrey,dbauldreyqj@xinhuanet.com
Thedrick,Richardon,trichardonqk@fotki.com
Jammie,Bickerstaff,jbickerstaffql@vk.com
Odele,Shurville,oshurvilleqm@aol.com
Cassius,Sheavills,csheavillsqn@cocolog-nifty.com
Estelle,Spencock,espencockqo@cnbc.com
Floria,Puttnam,fputtnamqp@qq.com
Patrick,Overil,poverilqq@weather.com
Pernell,Cordeux,pcordeuxqr@blogspot.com
Nanni,Fligg,nfliggqs@nih.gov
Vince,Huebner,vhuebnerqt@marriott.com
Gennifer,Jezzard,gjezzardqu@angelfire.com
Donall,Brannan,dbrannanqv@privacy.gov.au
Viviyan,Crennan,vcrennanqw@typepad.com
Bonnee,Coneau,bconeauqx@cloudflare.com
Carver,Corfield,ccorfieldqy@economist.com
Brig,McKinnell,bmckinnellqz@ftc.gov
Briana,Theunissen,btheunissenr0@sciencedaily.com
Adriana,Doerrling,adoerrlingr1@latimes.com
Ravid,MacCartair,rmaccartairr2@booking.com
Pamella,Mapstone,pmapstoner3@cloudflare.com
Kimberlyn,Isoldi,kisoldir4@altervista.org
Cyrus,Tumbridge,ctumbridger5@marketwatch.com
Jackquelin,Killeen,jkilleenr6@yale.edu
Homere,Faucherand,hfaucherandr7@wufoo.com
Esther,Pettingall,epettingallr8@tumblr.com
Philippine,MacParlan,pmacparlanr9@spotify.com
Suzette,Wilber,swilberra@1688.com
Tymon,De Ath,tdeathrb@histats.com
Iseabal,Pembridge,ipembridgerc@homestead.com
Theresa,Spring,tspringrd@goo.ne.jp
Averyl,Scain,ascainre@house.gov
Dorian,Harrington,dharringtonrf@berkeley.edu
Claybourne,McGettrick,cmcgettrickrg@ning.com
Jasmin,Dowson,jdowsonrh@cdc.gov
Cyrille,Orpen,corpenri@artisteer.com
Millie,Wohlers,mwohlersrj@slate.com
Jess,Korb,jkorbrk@comsenz.com
Orel,Powles,opowlesrl@latimes.com
Kelley,Barca,kbarcarm@ebay.co.uk
Kaitlyn,Jan,kjanrn@imgur.com
Egbert,Grinter,egrinterro@bandcamp.com
Berna,Costen,bcostenrp@mashable.com
Gareth,Gregh,ggreghrq@miibeian.gov.cn
Brody,Galego,bgalegorr@geocities.jp
